step,time_min,target_demand,total_h2_output,total_energy_kwh,h2_concentration,cooling_water_temp,ventilation_active,esd_active,fire_alarm_active,cell1_state,cell1_load_ratio,cell1_h2_output,cell1_power,cell1_current,cell1_electrolyte_temp,cell1_run_time,cell2_state,cell2_load_ratio,cell2_h2_output,cell2_power,cell2_current,cell2_electrolyte_temp,cell2_run_time,cell3_state,cell3_load_ratio,cell3_h2_output,cell3_power,cell3_current,cell3_electrolyte_temp,cell3_run_time,tank1_pressure,tank1_fill_rate,tank1_is_filling,tank1_is_relieving,tank2_pressure,tank2_fill_rate,tank2_is_filling,tank2_is_relieving,tank3_pressure,tank3_fill_rate,tank3_is_filling,tank3_is_relieving,tank4_pressure,tank4_fill_rate,tank4_is_filling,tank4_is_relieving,pump1_state,pump1_flow_rate,pump2_state,pump2_flow_rate
1,1,800.0,0.0,0.0,0.0,24.8,False,False,False,n2_purge,0.0,0.0,0.0,0.0,25.0,0,n2_purge,0.0,0.0,0.0,0.0,25.0,0,stopped,0.0,0.0,0.0,0.0,25.0,0,15.0,0.0,False,False,20.0,0.0,False,False,25.0,0.0,False,False,30.0,0.0,False,False,active,1.0,standby,0.0
2,2,800.0,0.0,0.0,0.0,24.62,False,False,False,n2_purge,0.0,0.0,0.0,0.0,24.99,0,n2_purge,0.0,0.0,0.0,0.0,24.99,0,stopped,0.0,0.0,0.0,0.0,24.99,0,15.0,0.0,False,False,20.0,0.0,False,False,25.0,0.0,False,False,30.0,0.0,False,False,active,1.0,standby,0.0
3,3,800.0,0.0,0.0,0.0,24.458000000000002,False,False,False,n2_purge,0.0,0.0,0.0,0.0,24.9715,0,n2_purge,0.0,0.0,0.0,0.0,24.9715,0,stopped,0.0,0.0,0.0,0.0,24.9715,0,15.0,0.0,False,False,20.0,0.0,False,False,25.0,0.0,False,False,30.0,0.0,False,False,active,1.0,standby,0.0
4,4,800.0,0.0,0.0,0.0,24.3122,False,False,False,n2_purge,0.0,0.0,0.0,0.0,24.945825,0,n2_purge,0.0,0.0,0.0,0.0,24.945825,0,stopped,0.0,0.0,0.0,0.0,24.945825,0,15.0,0.0,False,False,20.0,0.0,False,False,25.0,0.0,False,False,30.0,0.0,False,False,active,1.0,standby,0.0
5,5,800.0,0.0,0.0,0.0,24.18098,False,False,False,warmup,0.0,0.0,0.0,0.0,24.91414375,0,warmup,0.0,0.0,0.0,0.0,24.91414375,0,stopped,0.0,0.0,0.0,0.0,24.91414375,0,15.0,0.0,False,False,20.0,0.0,False,False,25.0,0.0,False,False,30.0,0.0,False,False,active,1.0,standby,0.0
6,6,800.0,0.0,0.0,0.0,24.062882000000002,False,False,False,warmup,0.0,0.0,0.0,0.0,24.877485562500002,0,warmup,0.0,0.0,0.0,0.0,24.877485562500002,0,stopped,0.0,0.0,0.0,0.0,24.877485562500002,0,15.0,0.0,False,False,20.0,0.0,False,False,25.0,0.0,False,False,30.0,0.0,False,False,active,1.0,standby,0.0
7,7,800.0,0.0,0.0,0.0,23.9565938,False,False,False,warmup,0.0,0.0,0.0,0.0,24.836755384375003,0,warmup,0.0,0.0,0.0,0.0,24.836755384375003,0,stopped,0.0,0.0,0.0,0.0,24.836755384375003,0,15.0,0.0,False,False,20.0,0.0,False,False,25.0,0.0,False,False,30.0,0.0,False,False,active,1.0,standby,0.0
8,8,800.0,0.0,0.0,0.0,23.86093442,False,False,False,warmup,0.0,0.0,0.0,0.0,24.792747305156254,0,warmup,0.0,0.0,0.0,0.0,24.792747305156254,0,stopped,0.0,0.0,0.0,0.0,24.792747305156254,0,15.0,0.0,False,False,20.0,0.0,False,False,25.0,0.0,False,False,30.0,0.0,False,False,active,1.0,standby,0.0
9,9,800.0,0.0,0.0,0.0,23.774840978,False,False,False,warmup,0.0,0.0,0.0,0.0,24.746156660898443,0,warmup,0.0,0.0,0.0,0.0,24.746156660898443,0,stopped,0.0,0.0,0.0,0.0,24.746156660898443,0,15.0,0.0,False,False,20.0,0.0,False,False,25.0,0.0,False,False,30.0,0.0,False,False,active,1.0,standby,0.0
10,10,800.0,0.0,0.0,0.0,23.6973568802,False,False,False,warmup,0.0,0.0,0.0,0.0,24.69759087675352,0,warmup,0.0,0.0,0.0,0.0,24.69759087675352,0,stopped,0.0,0.0,0.0,0.0,24.69759087675352,0,15.0,0.0,False,False,20.0,0.0,False,False,25.0,0.0,False,False,30.0,0.0,False,False,active,1.0,standby,0.0
11,11,800.0,0.0,0.0,0.0,23.62762119218,False,False,False,warmup,0.0,0.0,0.0,0.0,24.647579176925845,0,warmup,0.0,0.0,0.0,0.0,24.647579176925845,0,stopped,0.0,0.0,0.0,0.0,24.647579176925845,0,15.0,0.0,False,False,20.0,0.0,False,False,25.0,0.0,False,False,30.0,0.0,False,False,active,1.0,standby,0.0
12,12,800.0,0.0,0.0,0.0,23.564859072962,False,False,False,warmup,0.0,0.0,0.0,0.0,24.596581277688554,0,warmup,0.0,0.0,0.0,0.0,24.596581277688554,0,stopped,0.0,0.0,0.0,0.0,24.596581277688554,0,15.0,0.0,False,False,20.0,0.0,False,False,25.0,0.0,False,False,30.0,0.0,False,False,active,1.0,standby,0.0
13,13,800.0,0.0,0.0,0.0,23.5083731656658,False,False,False,warmup,0.0,0.0,0.0,0.0,24.544995167452225,0,warmup,0.0,0.0,0.0,0.0,24.544995167452225,0,stopped,0.0,0.0,0.0,0.0,24.544995167452225,0,15.0,0.0,False,False,20.0,0.0,False,False,25.0,0.0,False,False,30.0,0.0,False,False,active,1.0,standby,0.0
14,14,800.0,0.0,0.0,0.0,23.457535849099223,False,False,False,warmup,0.0,0.0,0.0,0.0,24.493164067362905,0,warmup,0.0,0.0,0.0,0.0,24.493164067362905,0,stopped,0.0,0.0,0.0,0.0,24.493164067362905,0,15.0,0.0,False,False,20.0,0.0,False,False,25.0,0.0,False,False,30.0,0.0,False,False,active,1.0,standby,0.0
15,15,800.0,0.0,0.0,0.0,23.411782264189302,False,False,False,warmup,0.0,0.0,0.0,0.0,24.441382656449722,0,warmup,0.0,0.0,0.0,0.0,24.441382656449722,0,stopped,0.0,0.0,0.0,0.0,24.441382656449722,0,15.0,0.0,False,False,20.0,0.0,False,False,25.0,0.0,False,False,30.0,0.0,False,False,active,1.0,standby,0.0
16,16,800.0,0.0,0.0,0.0,23.37060403777037,False,False,False,warmup,0.0,0.0,0.0,0.0,24.389902636836702,0,warmup,0.0,0.0,0.0,0.0,24.389902636836702,0,stopped,0.0,0.0,0.0,0.0,24.389902636836702,0,15.0,0.0,False,False,20.0,0.0,False,False,25.0,0.0,False,False,30.0,0.0,False,False,active,1.0,standby,0.0
17,17,800.0,0.0,0.0,0.0,23.333543633993333,False,False,False,warmup,0.0,0.0,0.0,0.0,24.338937706883385,0,warmup,0.0,0.0,0.0,0.0,24.338937706883385,0,stopped,0.0,0.0,0.0,0.0,24.338937706883385,0,15.0,0.0,False,False,20.0,0.0,False,False,25.0,0.0,False,False,30.0,0.0,False,False,active,1.0,standby,0.0
18,18,800.0,0.0,0.0,0.0,23.300189270594,False,False,False,warmup,0.0,0.0,0.0,0.0,24.288668003238882,0,warmup,0.0,0.0,0.0,0.0,24.288668003238882,0,stopped,0.0,0.0,0.0,0.0,24.288668003238882,0,15.0,0.0,False,False,20.0,0.0,False,False,25.0,0.0,False,False,30.0,0.0,False,False,active,1.0,standby,0.0
19,19,800.0,0.0,0.0,0.0,23.270170343534602,False,False,False,warmup,0.0,0.0,0.0,0.0,24.239244066606638,0,warmup,0.0,0.0,0.0,0.0,24.239244066606638,0,stopped,0.0,0.0,0.0,0.0,24.239244066606638,0,15.0,0.0,False,False,20.0,0.0,False,False,25.0,0.0,False,False,30.0,0.0,False,False,active,1.0,standby,0.0
20,20,800.0,300.0,25.0,0.0,23.27915330918114,False,False,False,running,0.3,150.0,750.0,1500.0,24.249862592145195,1,running,0.3,150.0,750.0,1500.0,24.249862592145195,1,stopped,0.0,0.0,0.0,0.0,24.190790380453038,0,15.055555555555555,50.0,True,False,20.055555555555557,50.0,True,False,25.055555555555557,50.0,True,False,30.055555555555557,50.0,True,False,active,1.0,standby,0.0
21,21,800.0,400.0,58.333333333333336,0.0,23.299237978263026,False,False,False,running,0.4,200.0,1000.0,2000.0,24.270448406485915,2,running,0.4,200.0,1000.0,2000.0,24.270448406485915,2,n2_purge,0.0,0.0,0.0,0.0,24.145208526889444,0,15.11111111111111,50.0,True,False,20.111111111111114,50.0,True,False,25.111111111111114,50.0,True,False,30.111111111111114,50.0,True,False,active,1.0,standby,0.0
22,22,800.0,500.0,100.0,0.0,23.329314180436725,False,False,False,running,0.5,250.0,1250.0,2500.0,24.301024197921457,3,running,0.5,250.0,1250.0,2500.0,24.301024197921457,3,n2_purge,0.0,0.0,0.0,0.0,24.102909999458124,0,15.166666666666666,50.0,True,False,20.16666666666667,50.0,True,False,25.16666666666667,50.0,True,False,30.16666666666667,50.0,True,False,active,1.0,standby,0.0
23,23,800.0,600.0,150.0,0.0,23.368382762393054,False,False,False,running,0.6,300.0,1500.0,3000.0,24.341589997571763,4,running,0.6,300.0,1500.0,3000.0,24.341589997571763,4,n2_purge,0.0,0.0,0.0,0.0,24.064230208507055,0,15.222222222222221,50.0,True,False,20.22222222222223,50.0,True,False,25.22222222222223,50.0,True,False,30.22222222222223,50.0,True,False,active,1.0,standby,0.0
24,24,800.0,700.0,208.33333333333334,0.0,23.41554448615375,False,False,False,running,0.7,350.0,1750.0,3500.0,24.39212585286819,5,running,0.7,350.0,1750.0,3500.0,24.39212585286819,5,n2_purge,0.0,0.0,0.0,0.0,24.029437836201357,0,15.277777777777777,50.0,True,False,20.277777777777786,50.0,True,False,25.277777777777786,50.0,True,False,30.277777777777786,50.0,True,False,active,1.0,standby,0.0
25,25,800.0,799.9999999999999,275.0,0.0,23.469990037538373,False,False,False,running,0.7999999999999999,399.99999999999994,1999.9999999999998,3999.9999999999995,24.4525942255339,6,running,0.7999999999999999,399.99999999999994,1999.9999999999998,3999.9999999999995,24.4525942255339,6,warmup,0.0,0.0,0.0,0.0,23.998743168698976,0,15.333333333333332,50.0,True,False,20.333333333333343,50.0,True,False,25.333333333333343,50.0,True,False,30.333333333333343,50.0,True,False,active,1.0,standby,0.0
26,26,800.0,700.0,333.3333333333333,0.0,23.506991033784537,False,False,False,running,0.7,350.0,1750.0,3500.0,24.50294214177399,7,running,0.7,350.0,1750.0,3500.0,24.50294214177399,7,warmup,0.0,0.0,0.0,0.0,23.972305512140945,0,15.388888888888888,50.0,True,False,20.3888888888889,50.0,True,False,25.3888888888889,50.0,True,False,30.3888888888889,50.0,True,False,active,1.0,standby,0.0
27,27,800.0,600.0,383.3333333333333,0.0,23.528291930406084,False,False,False,running,0.6,300.0,1500.0,3000.0,24.5430231196142,8,running,0.6,300.0,1500.0,3000.0,24.5430231196142,8,warmup,0.0,0.0,0.0,0.0,23.949039788223125,0,15.444444444444443,50.0,True,False,20.444444444444457,50.0,True,False,25.444444444444457,50.0,True,False,30.444444444444457,50.0,True,False,active,1.0,standby,0.0
28,28,800.0,533.3333333333334,427.77777777777777,0.0,23.539462737365476,False,False,False,running,0.5333333333333333,266.6666666666667,1333.3333333333333,2666.6666666666665,24.576061829163372,9,running,0.5333333333333333,266.6666666666667,1333.3333333333333,2666.6666666666665,24.576061829163372,9,warmup,0.0,0.0,0.0,0.0,23.92800239533227,0,15.499999999999998,50.0,True,False,20.500000000000014,50.0,True,False,25.500000000000014,50.0,True,False,30.500000000000014,50.0,True,False,active,1.0,standby,0.0
29,29,800.0,533.3333333333334,472.22222222222223,0.0,23.54951646362893,False,False,False,running,0.5333333333333333,266.6666666666667,1333.3333333333333,2666.6666666666665,24.60866318066075,10,running,0.5333333333333333,266.6666666666667,1333.3333333333333,2666.6666666666665,24.60866318066075,10,warmup,0.0,0.0,0.0,0.0,23.908575412433933,0,15.555555555555554,50.0,True,False,20.55555555555557,50.0,True,False,25.55555555555557,50.0,True,False,30.55555555555557,50.0,True,False,active,1.0,standby,0.0
30,30,800.0,533.3333333333334,516.6666666666666,0.0,23.55856481726604,False,False,False,running,0.5333333333333333,266.6666666666667,1333.3333333333333,2666.6666666666665,24.640813579653447,11,running,0.5333333333333333,266.6666666666667,1333.3333333333333,2666.6666666666665,24.640813579653447,11,warmup,0.0,0.0,0.0,0.0,23.890622464993683,0,15.611111111111109,50.0,True,False,20.61111111111113,50.0,True,False,25.61111111111113,50.0,True,False,30.61111111111113,50.0,True,False,active,1.0,standby,0.0
